﻿<?xml version="1.0" encoding="utf-8" ?>
<RetrieveTransactionStatusRequest xmlns="http://www.infosys.com/request/RetrieveTransactionStatus" xmlns:hd="http://www.infosys.com/request/header" xmlns:xsi="http://www.w3.org/2001/XMLSchema-instance" xsi:schemaLocation="http://www.infosys.com/request/RetrieveTransactionStatus RetrieveTransactionStatusRequest.xsd">
  <hd:header>
    <hd:BANK_ID>176</hd:BANK_ID>
    <hd:LANGUAGE_ID>001</hd:LANGUAGE_ID>
    <hd:CHANNEL_ID>I</hd:CHANNEL_ID>
    <hd:LOGIN_FLAG>2</hd:LOGIN_FLAG>
    <hd:__SRVCID__>RRTSE</hd:__SRVCID__>
    <hd:STATEMODE>N</hd:STATEMODE>
    <hd:OPFMT>XML</hd:OPFMT>
    <hd:IPFMT>XML</hd:IPFMT>
    <hd:ISMULTIREC>N</hd:ISMULTIREC>
    <hd:USER_PRINCIPAL>176.ESOPADM1</hd:USER_PRINCIPAL>
    <hd:CORP_PRINCIPAL />
    <hd:ACCESS_CODE>d#demo1234</hd:ACCESS_CODE>
    <hd:FORM_ID />
    <hd:LOGIN_TYPE />
    <hd:RELATIONSHIP_ID />
    <hd:IP_ADDRESS />
    <hd:PORTAL_REQUEST />
    <hd:PORTAL_RANDOM_ID />
    <hd:USER_ID />
    <hd:ISATTACHMENT />
    <hd:DEVICE_ID />
    <hd:DEVICE_TYPE />
    <hd:MACHINE_FINGER_PRINT />
    <hd:BROWSER_TYPE />
    <hd:REQUESTED_FRAME_START_INDEX />
  </hd:header>
  <RetrieveTransactionStatus>
    <BNF_ID>281207</BNF_ID>
    <REFERENCE_ID>1910733</REFERENCE_ID>
    <TOTAL_AMOUNT>2</TOTAL_AMOUNT>
    <TRANSACTION_DATE>24/04/2017</TRANSACTION_DATE>
    <TRANSACTION_CURRENCY>INR</TRANSACTION_CURRENCY>
    <DESTINATION_ENTITY_TYPE>M</DESTINATION_ENTITY_TYPE>
    <CP_REMARKS />
  </RetrieveTransactionStatus>
</RetrieveTransactionStatusRequest>
